item_id,faithfulness,relevance,completeness,verdict,notes
62a3df05,,,,,
c280db9c,,,,,
ff53963b,,,,,
1799e7ec,,,,,
31598f5f,,,,,
ef8118ae,,,,,
c867f698,,,,,
e93def72,,,,,
f431daa4,,,,,
ae0e2ca6,,,,,
724f8965,,,,,
538b9950,,,,,
bc2a02ac,,,,,
6f1f024d,,,,,
56c60f52,,,,,
f69b5225,,,,,
7c4bbb7e,,,,,
b67cc8d7,,,,,
8b66207c,,,,,
c81e899f,,,,,
133f02ae,,,,,
a9865b23,,,,,
4c203a9f,,,,,
f256e59b,,,,,
86b9a351,,,,,
56d5ae49,,,,,
8e25d463,,,,,
00585606,,,,,
c4ee8217,,,,,
32e7e71a,,,,,
c7efee5f,,,,,
0a03b7a3,,,,,
e55293bc,,,,,
9dc2a48b,,,,,
8c43db2d,,,,,
a5377343,,,,,
90b1752f,,,,,
71dff36c,,,,,
93bc6e1a,,,,,
f816689c,,,,,
